"id_source";"source_img_1";"source_img_2";"source_img";"source_img_once"
"1";"/img/source_1/1.png";"/img/source_2/1.png";"/img/source/1.jpg";"/img/source_once/1.png"
"2";"/img/source_1/2.png";"/img/source_2/2.png";"/img/source/2.png";"/img/source_once/2.png"
"3";"/img/source_1/3.png";"/img/source_2/3.png";"/img/source/3.png";"/img/source_once/3.png"
"4";"/img/source_1/4.png";"/img/source_2/4.png";"/img/source/4.png";"/img/source_once/4.png"
"5";"/img/source_1/5.png";"/img/source_2/5.png";"/img/source/5.png";"/img/source_once/5.png"
"6";"/img/source_1/6.png";"/img/source_2/6.png";"/img/source/6.png";"/img/source_once/6.png"
"7";"/img/source_1/7.png";"/img/source_2/7.png";"/img/source/7.png";"/img/source_once/7.png"
"8";"/img/source_1/8.png";"/img/source_2/8.png";"/img/source/8.png";"/img/source_once/8.png"
"9";"/img/source_1/9.png";"/img/source_2/9.png";"/img/source/9.jpg";"/img/source_once/9.png"
"10";"/img/source_1/10.png";"/img/source_2/10.png";"/img/source/10.png";"/img/source_once/10.png"
"11";"/img/source_1/11.png";"/img/source_2/11.png";"/img/source/11.png";"/img/source_once/11.png"
"12";"/img/source_1/12.png";"/img/source_2/12.png";"/img/source/12.png";"/img/source_once/12.png"
"13";"/img/source_1/13.png";"/img/source_2/13.png";"/img/source/13.png";"/img/source_once/13.png"
"14";"/img/source_1/14.png";"/img/source_2/14.png";"/img/source/14.png";"/img/source_once/14.png"
"15";"/img/source_1/15.png";"/img/source_2/15.png";"/img/source/15.png";"/img/source_once/15.png"
"16";"/img/source_1/16.png";"/img/source_2/16.png";"/img/source/16.png";"/img/source_once/16.png"
"17";"/img/source_1/17.png";"/img/source_2/17.png";"/img/source/17.png";"/img/source_once/17.png"
"18";"/img/source_1/18.png";"/img/source_2/18.png";"/img/source/18.png";"/img/source_once/18.png"
"19";"/img/source_1/19.png";"/img/source_2/19.png";"/img/source/19.png";"/img/source_once/19.png"
"20";"/img/source_1/20.png";"/img/source_2/20.png";"/img/source/20.png";"/img/source_once/20.png"
"21";"/img/source_1/21.png";"/img/source_2/21.png";"/img/source/21.png";"/img/source_once/21.png"
"22";"/img/source_1/22.png";"/img/source_2/22.png";"/img/source/22.png";"/img/source_once/22.png"
"23";"/img/source_1/23.png";"/img/source_2/23.png";"/img/source/23.png";"/img/source_once/23.png"
"24";"/img/source_1/24.png";"/img/source_2/24.png";"/img/source/24.png";"/img/source_once/24.png"
